mode,std,window,score
mode,std,window,score
mean,std,20,-89.08614464156246
mean,std,30,-75.7665166157632
mean,std,40,-55.54401336543009
mean,std,50,-51.49685215920998
